[
    {
        "name": "LELECHA",
        "area": "Suzhou Industrial Park",
        "cuisine": "bread and desserts",
        "pricerange": "cheap",
        "metro_station": "true",
        "per_capita_consumption": "44 yuan",
        "address": "B1, North Section, Suzhou Center, Xinggang Street",
        "phone_number": "0512-66363836",
        "score": "4.5",
        "business_hours": "10:00–22:00, Monday to Sunday",
        "dishes": "Starry Custard Bun"
    },
    {
        "name": "HOU GA FEI",
        "area": "Wuzhong District",
        "cuisine": "bread and desserts",
        "pricerange": "moderate",
        "metro_station": "false",
        "per_capita_consumption": "58 yuan",
        "address": "South Commercial Street, Shihu Scenic Area, Shihu West Road",
        "phone_number": "0512-68210779",
        "score": "4.8",
        "business_hours": "09:30-23:00, Monday to Sunday",
        "dishes": "Chocolate Muffins"
    },
    {
        "name": "Fox's Home Yogurt",
        "area": "Gusu District",
        "cuisine": "bread and desserts",
        "pricerange": "cheap",
        "metro_station": "true",
        "per_capita_consumption": "16 yuan",
        "address": "No. 256, Pingjiang Road (near Baita East Road)",
        "phone_number": "139-1317-0170",
        "score": "4.5",
        "business_hours": "10:00-19:00, Monday to Sunday",
        "dishes": "homemade yogurt"
    },
    {
        "name": "Cai Zhi Zhai",
        "area": "Gusu District",
        "cuisine": "bread and desserts",
        "pricerange": "cheap",
        "metro_station": "true",
        "per_capita_consumption": "38 yuan",
        "address": "No. 91, Guanqian Street, Gusu District, Suzhou City",
        "phone_number": "0512-67274512",
        "score": "4.3",
        "business_hours": "08:30-21:30, Monday to Sunday",
        "dishes": "Scone with sweet fermented-rice"
    },
    {
        "name": "L'Arôme",
        "area": "Suzhou Industrial Park",
        "cuisine": "bread and desserts",
        "pricerange": "slightly expensive",
        "metro_station": "true",
        "per_capita_consumption": "412 yuan",
        "address": "B3-19, 3F, South Section, Suzhou Center, No. 68, Suxiu Road",
        "phone_number": "0512-69881018",
        "score": "4.5",
        "business_hours": "11:30-22:00, Monday to Sunday",
        "dishes": "Cream of Mushroom Soup"
    },
    {
        "name": "Yamazaki Bakery",
        "area": "Suzhou New District",
        "cuisine": "bread and desserts",
        "pricerange": "cheap",
        "metro_station": "true",
        "per_capita_consumption": "26 yuan",
        "address": "the B1F of Izumiya Department Store, No. 211, Changjiang Road",
        "phone_number": "0512-62396721",
        "score": "4.6",
        "business_hours": "10:00–22:00, Monday to Sunday",
        "dishes": "Queen Bread"
    },
    {
        "name": "Guimijia",
        "area": "Wujiang District",
        "cuisine": "bread and desserts",
        "pricerange": "cheap",
        "metro_station": "false",
        "per_capita_consumption": "23 yuan",
        "address": "No. 3, Xitanghe Road",
        "phone_number": "0512-63336664",
        "score": "4.8",
        "business_hours": "09:30-21:30, Monday to Sunday",
        "dishes": "Egg and Meat Mooncake"
    },
    {
        "name": "Nongleyuan Charcoal Fire Barbecue",
        "area": "Gusu District",
        "cuisine": "Korean",
        "pricerange": "moderate",
        "metro_station": "true",
        "per_capita_consumption": "88 yuan",
        "address": "A502, 5F of Xicheng Yongjie Building, No. 19, Guangji South Road",
        "phone_number": "0512-68659822",
        "score": "4.6",
        "business_hours": "11:00–14:00 and 16:30–21:30, Monday to Sunday",
        "dishes": "stone pot rice"
    },
    {
        "name": "Banyuan Private Home Cuisine",
        "area": "Gusu District",
        "cuisine": "Jiangsu-Zhejiang",
        "pricerange": "slightly expensive",
        "metro_station": "false",
        "per_capita_consumption": "204 yuan",
        "address": "No. 3, Chuanfang Alley, North of Pingjiang Road",
        "phone_number": "139-6217-0368",
        "score": "4.7",
        "business_hours": "11:30-14:00 17:30-21:30, Monday to Sunday",
        "dishes": "Rose-flavored Fried Fish"
    },
    {
        "name": "Songhelou Restaurant",
        "area": "Gusu District",
        "cuisine": "Jiangsu-Zhejiang",
        "pricerange": "slightly expensive",
        "metro_station": "true",
        "per_capita_consumption": "150 yuan",
        "address": "No. 72, Taijian Lane (near Xuanmiao Temple)",
        "phone_number": "0512-67700688",
        "score": "3.5",
        "business_hours": "11:00–13:30 and 17:00–20:30, Monday to Sunday",
        "dishes": "Sweet and Sour Mandarin Fish"
    },
    {
        "name": "Miss Fu in Chengdu",
        "area": "Gusu District",
        "cuisine": "Sichuan",
        "pricerange": "moderate",
        "metro_station": "false",
        "per_capita_consumption": "73 yuan",
        "address": "at the intersection of Jingde Road and Xueshi Street, next to the Suzhou Museum of Traditional Chinese Medicine",
        "phone_number": "0512-67299832",
        "score": "4.6",
        "business_hours": "11:00-24:00, Monday to Sunday",
        "dishes": "Brown Sugar Glutinous Rice Cakes"
    },
    {
        "name": "Laotianqiao Frog Hot Pot",
        "area": "Gusu District",
        "cuisine": "Hotpot",
        "pricerange": "slightly expensive",
        "metro_station": "false",
        "per_capita_consumption": "120 yuan",
        "address": "No. 54, Xueshi Street",
        "phone_number": "0512-65816338",
        "score": "4.6",
        "business_hours": "all day, Monday to Sunday",
        "dishes": "bullfrogs"
    },
    {
        "name": "Tang Palace Seafood Restaurant",
        "area": "Gusu District",
        "cuisine": "Cantonese",
        "pricerange": "slightly expensive",
        "metro_station": "true",
        "per_capita_consumption": "135 yuan",
        "address": "5F, Metro Mall's East Building, No. 245, Guanqian Street",
        "phone_number": "0512-69168288",
        "score": "4.6",
        "business_hours": "10:00–22:00, Monday to Sunday",
        "dishes": "Steamed Chicken Paws with Fermented Soybean Juice"
    },
    {
        "name": "Beijiang Restaurant",
        "area": "Gusu District",
        "cuisine": "Northwestern",
        "pricerange": "cheap",
        "metro_station": "true",
        "per_capita_consumption": "67 yuan",
        "address": "No.428, East Ganjiang Road",
        "phone_number": "0512-67557020",
        "score": "4.4",
        "business_hours": "10:00–22:00, Monday to Sunday",
        "dishes": "Xinjiang Big Plate Chicken"
    },
    {
        "name": "Li Li Xiao Chao",
        "area": "Gusu District",
        "cuisine": "Northeastern Chinese cuisine",
        "pricerange": "cheap",
        "metro_station": "false",
        "per_capita_consumption": "29 yuan",
        "address": "No. 1 Shizi Street, West Gate of Soochow University",
        "phone_number": "180-1350-3488",
        "score": "4.5",
        "business_hours": "08:00-21:00, Monday to Sunday",
        "dishes": "Twice Cooked Pork"
    },
    {
        "name": "Dongwu Noodle House",
        "area": "Gusu District",
        "cuisine": "fast food",
        "pricerange": "cheap",
        "metro_station": "true",
        "per_capita_consumption": "18 yuan",
        "address": "No. 22, North Tongjing Road",
        "phone_number": "0512-65707783",
        "score": "4.7",
        "business_hours": "06:00-14:00 16:30-19:00, Monday to Sunday",
        "dishes": "Chicken Soup Noodle"
    },
    {
        "name": "Deyuelou",
        "area": "Suzhou Industrial Park",
        "cuisine": "Jiangsu-Zhejiang",
        "pricerange": "slightly expensive",
        "metro_station": "false",
        "per_capita_consumption": "176 yuan",
        "address": "No. 22, Ligong Causeway Road",
        "phone_number": "0512-62656999",
        "score": "4.3",
        "business_hours": "10:30-14:00 16:30-21:00, Monday to Sunday",
        "dishes": "Braised Crab with Tofu"
    },
    {
        "name": "Wanyuting·hejiariben Cuisine Teppanyaki",
        "area": "Suzhou Industrial Park",
        "cuisine": "Japanese",
        "pricerange": "slightly expensive",
        "metro_station": "false",
        "per_capita_consumption": "177 yuan",
        "address": "1F, Hubin Xintiandi Lakeside Building, No. 158, Xinggang Street",
        "phone_number": "0512-67678177",
        "score": "4.5",
        "business_hours": "10:00-15:00 and 17:00-22:30, Monday to Sunday",
        "dishes": "salmon"
    },
    {
        "name": "Grandma's Home",
        "area": "Suzhou Industrial Park",
        "cuisine": "Jiangsu-Zhejiang",
        "pricerange": "cheap",
        "metro_station": "true",
        "per_capita_consumption": "63 yuan",
        "address": "4F, Harmony City, No.269, Wang Dun Road, Suzhou Industrial Park",
        "phone_number": "0512-62857757",
        "score": "4.5",
        "business_hours": "11:00-14:00 and 16:30-21:00, Monday to Sunday",
        "dishes": "Grandma's Red Braised Pork Belly"
    },
    {
        "name": "Wang Steak",
        "area": "Suzhou Industrial Park",
        "cuisine": "western",
        "pricerange": "slightly expensive",
        "metro_station": "true",
        "per_capita_consumption": "405 yuan",
        "address": "the 2nd floor of Shin Kong Place, at the intersection of Suzhou Avenue East and Huachi Street",
        "phone_number": "0512-62567071",
        "score": "4.6",
        "business_hours": "11:30–14:00 and 17:30–21:00, Monday to Sunday",
        "dishes": "Tai-sow Beefsteak"
    },
    {
        "name": "Haidilao Hot Pot",
        "area": "Suzhou Industrial Park",
        "cuisine": "Hotpot",
        "pricerange": "slightly expensive",
        "metro_station": "false",
        "per_capita_consumption": "127 yuan",
        "address": "It is on 4F of Saige Digital Plaza, No. 318, Suya Road.",
        "phone_number": "0512-67603337",
        "score": "4.8",
        "business_hours": "09:00-07:00, Monday to Sunday",
        "dishes": "It's recommended you give the tomato pot"
    },
    {
        "name": "Xibei Restaurant",
        "area": "Suzhou Industrial Park",
        "cuisine": "Northwestern",
        "pricerange": "moderate",
        "metro_station": "true",
        "per_capita_consumption": "92 yuan",
        "address": "4F, Harmony City, No. 269, Wang Dun Road",
        "phone_number": "400-8207320",
        "score": "4.6",
        "business_hours": "10:30-21:30, Monday to Sunday",
        "dishes": "Big Cow Bone"
    },
    {
        "name": "Zhen Pin Yue Teahouse",
        "area": "Suzhou Industrial Park",
        "cuisine": "Cantonese",
        "pricerange": "moderate",
        "metro_station": "true",
        "per_capita_consumption": "99 yuan",
        "address": "No.133, TianXiang Garden, No.386, Suxiu Road",
        "phone_number": "0512-62568777",
        "score": "4.4",
        "business_hours": "10:30-21:30, Monday to Sunday",
        "dishes": "roasted goose"
    },
    {
        "name": "Riverside Grilled Fish",
        "area": "Suzhou Industrial Park",
        "cuisine": "Sichuan",
        "pricerange": "moderate",
        "metro_station": "true",
        "per_capita_consumption": "90 yuan",
        "address": "Harmony Constellation Plaza City, No. 269, Wang Dun Road",
        "phone_number": "0512-67634656",
        "score": "4.3",
        "business_hours": "10:30-22:00, Monday to Sunday",
        "dishes": "Grilled Whole Fish in Unique Sauce"
    },
    {
        "name": "Qing He Gu",
        "area": "Suzhou Industrial Park",
        "cuisine": "Korean",
        "pricerange": "slightly expensive",
        "metro_station": "false",
        "per_capita_consumption": "154 yuan",
        "address": "No. 21 Building, Li Gongdi Phase 3",
        "phone_number": "0512-67635689",
        "score": "4.8",
        "business_hours": "11:30-21:00, Monday to Sunday",
        "dishes": "Kimchi Pie"
    },
    {
        "name": "Xin Hua Xi Beef Rice Noodle",
        "area": "Suzhou Industrial Park",
        "cuisine": "fast food",
        "pricerange": "cheap",
        "metro_station": "false",
        "per_capita_consumption": "24 yuan",
        "address": "2F of Suzhou Stage, No. 9 Houdai Street",
        "phone_number": "0512-62811808",
        "score": "4.6",
        "business_hours": "09:00-20:00, Monday to Sunday",
        "dishes": "Noodle of the Essence of Beef Offal"
    },
    {
        "name": "Goodman Folk Snacks",
        "area": "Wuzhong District",
        "cuisine": "fast food",
        "pricerange": "cheap",
        "metro_station": "true",
        "per_capita_consumption": "42 yuan",
        "address": "No. 47-1, Jinshan Road (No. B1001-2, Floor B1, Mudu Tianhong Mall)",
        "phone_number": "0512-83989318",
        "score": "4.5",
        "business_hours": "10:00–20:30, Monday to Sunday",
        "dishes": "Boiled Boneless Fish with Pickled Cabbage and Chili"
    },
    {
        "name": "Laofengting",
        "area": "Wuzhong District",
        "cuisine": "Jiangsu-Zhejiang",
        "pricerange": "moderate",
        "metro_station": "false",
        "per_capita_consumption": "94 yuan",
        "address": "Building 5, Pattaya Leisure and Entertainment Plaza, No. 55, Lintian Road, Mudu",
        "phone_number": "0512-66277557",
        "score": "4.6",
        "business_hours": "11:00–13:30 and 17:00–20:30, Monday to Sunday",
        "dishes": "Sweet and Sour Mandarin Fish"
    },
    {
        "name": "Yang Guan Gu Ren",
        "area": "Wuzhong District",
        "cuisine": "Northwestern",
        "pricerange": "moderate",
        "metro_station": "false",
        "per_capita_consumption": "87 yuan",
        "address": "the 3F floor, just beside the lift of CR Vanguard, No. 128, Jiuhua Road",
        "phone_number": "0512-65074650",
        "score": "4.8",
        "business_hours": "10:00–22:00, Monday to Sunday",
        "dishes": "fried mutton with shallot"
    },
    {
        "name": "Sichuan Xiang Tian Xia Hot Pot",
        "area": "Wuzhong District",
        "cuisine": "Hotpot",
        "pricerange": "moderate",
        "metro_station": "false",
        "per_capita_consumption": "97 yuan",
        "address": "Floor 1, Building 1, No. 1109, Wuzhong Avenue, Yuexi Street, Wuzhong Economic Development Zone, Suzhou",
        "phone_number": "0512-66171777",
        "score": "4.4",
        "business_hours": "11:00-23:30, Monday to Sunday",
        "dishes": "snowflake beef"
    },
    {
        "name": "One Plus Conveyor Belt Sushi",
        "area": "Wuzhong District",
        "cuisine": "Japanese",
        "pricerange": "cheap",
        "metro_station": "false",
        "per_capita_consumption": "58 yuan",
        "address": "1F, Aeon Mall, No. 188, Suzhentao Road, Yuexi",
        "phone_number": "0512-65884527",
        "score": "4.4",
        "business_hours": "10:00–22:00, Monday to Sunday",
        "dishes": "foie gras"
    },
    {
        "name": "Nailaoshiguang",
        "area": "Wuzhong District",
        "cuisine": "western",
        "pricerange": "moderate",
        "metro_station": "true",
        "per_capita_consumption": "85 yuan",
        "address": "1F, Building 13, Mudu Studio",
        "phone_number": "0512-67087949",
        "score": "4.7",
        "business_hours": "09:30-21:00, Monday to Sunday",
        "dishes": "Spaghetti Bolognese"
    },
    {
        "name": "Seoul Korean Cuisine",
        "area": "Wuzhong District",
        "cuisine": "Korean",
        "pricerange": "moderate",
        "metro_station": "true",
        "per_capita_consumption": "81 yuan",
        "address": "Lifeng Plaza 1F, No. 399, Baodaidong Road",
        "phone_number": "139-1359-2929",
        "score": "4.7",
        "business_hours": "10:30-21:00, Monday to Sunday",
        "dishes": "stone pot rice"
    },
    {
        "name": "Northeast Restaurant",
        "area": "Wuzhong District",
        "cuisine": "Northeastern Chinese cuisine",
        "pricerange": "cheap",
        "metro_station": "false",
        "per_capita_consumption": "49 yuan",
        "address": "Near the intersection of Xushi Street and Zhongshi Street",
        "phone_number": "0512-66310773",
        "score": "4.3",
        "business_hours": "10:30-21:00, Monday to Sunday",
        "dishes": "Cooked Pork Slices"
    },
    {
        "name": "Spicy Memory",
        "area": "Suzhou New District",
        "cuisine": "Sichuan",
        "pricerange": "moderate",
        "metro_station": "true",
        "per_capita_consumption": "75 yuan",
        "address": "No. 162, Tayuan Road, Suzhou New District",
        "phone_number": "0512-68249987",
        "score": "4.3",
        "business_hours": "10:30-01:00, Monday to Sunday",
        "dishes": "Chili Fish Head"
    },
    {
        "name": "Aobanian Hot Pot",
        "area": "Suzhou New District",
        "cuisine": "Hotpot",
        "pricerange": "slightly expensive",
        "metro_station": "true",
        "per_capita_consumption": "127 yuan",
        "address": "the 6F of Golden Eagle International Shopping Center, No. 298, Shishan Road",
        "phone_number": "0512-68783880",
        "score": "4.2",
        "business_hours": "11:00-22:00, Monday to Sunday",
        "dishes": "the shrimp balls"
    },
    {
        "name": "Dream of Taoyuan",
        "area": "Suzhou New District",
        "cuisine": "Jiangsu-Zhejiang",
        "pricerange": "cheap",
        "metro_station": "true",
        "per_capita_consumption": "31 yuan",
        "address": "the B1F of Izumiya Department Store, No. 211, Changjiang Road",
        "phone_number": "0512-68207978",
        "score": "4.5",
        "business_hours": "10:00-21:30, Monday to Sunday",
        "dishes": "Tofu Pudding"
    },
    {
        "name": "Le Blé d'Or Brewery Restaurant",
        "area": "Suzhou New District",
        "cuisine": "western",
        "pricerange": "slightly expensive",
        "metro_station": "false",
        "per_capita_consumption": "179 yuan",
        "address": "Floor 4, Jinhe International Building, No. 35, Shishan Road",
        "phone_number": "0512-66655909",
        "score": "4.6",
        "business_hours": "11:00-24:00, Monday to Sunday",
        "dishes": "pizzas"
    },
    {
        "name": "Zhiwei Japanese Restaurant",
        "area": "Suzhou New District",
        "cuisine": "Japanese",
        "pricerange": "slightly expensive",
        "metro_station": "false",
        "per_capita_consumption": "215 yuan",
        "address": "No.11, Huaihai Street",
        "phone_number": "0512-68618677",
        "score": "4.5",
        "business_hours": "11:00-14:00 16:00-22:00, Monday to Sunday",
        "dishes": "salmon"
    },
    {
        "name": "DuoDuo Wang Hong Kong Style Tea Restaurant",
        "area": "Suzhou New District",
        "cuisine": "Cantonese",
        "pricerange": "cheap",
        "metro_station": "false",
        "per_capita_consumption": "65 yuan",
        "address": "Floor 1, Wugong Lidu Commercial Street, No. 215, Shishan Road",
        "phone_number": "0512-68788933",
        "score": "4.4",
        "business_hours": "09:30-02:00, Monday to Sunday",
        "dishes": "seafood congee"
    },
    {
        "name": "Palsaik Korean +Q",
        "area": "Suzhou New District",
        "cuisine": "Korean",
        "pricerange": "moderate",
        "metro_station": "true",
        "per_capita_consumption": "103 yuan",
        "address": "113, 1F of building 7 on the second section of the Emerald Pedestrian Street, The Emerald City, Changjiang Road",
        "phone_number": "0512-62919949",
        "score": "4.2",
        "business_hours": "10:00–22:00, Monday to Sunday",
        "dishes": "spicy ramen"
    },
    {
        "name": "Yang's Dumpling",
        "area": "Suzhou New District",
        "cuisine": "fast food",
        "pricerange": "cheap",
        "metro_station": "true",
        "per_capita_consumption": "20 yuan",
        "address": "No. 211, Changjiang Road, Suzhou New District",
        "phone_number": "0512-68799751",
        "score": "4.5",
        "business_hours": "10:00–22:00, Monday to Sunday",
        "dishes": "Pan-fried Shrimp Bun"
    },
    {
        "name": "Guan Zhi North",
        "area": "Suzhou New District",
        "cuisine": "Northeastern Chinese cuisine",
        "pricerange": "cheap",
        "metro_station": "false",
        "per_capita_consumption": "58 yuan",
        "address": "Floor 2, Aeon Mall, No. 19, Intercity Road",
        "phone_number": "0512-62917283",
        "score": "4.3",
        "business_hours": "10:30-22:00, Monday to Sunday",
        "dishes": "Bones in sauce"
    },
    {
        "name": "Wufangzhai",
        "area": "Wujiang District",
        "cuisine": "fast food",
        "pricerange": "cheap",
        "metro_station": "false",
        "per_capita_consumption": "33 yuan",
        "address": "Intersection of Liuhong Road and Luxiang South Road, Wujiang District",
        "phone_number": "0512-63575791",
        "score": "4.6",
        "business_hours": "07:30-20:30, Monday to Sunday",
        "dishes": "meat and egg yolk dumpling"
    },
    {
        "name": "Master Yan",
        "area": "Wujiang District",
        "cuisine": "Sichuan",
        "pricerange": "moderate",
        "metro_station": "false",
        "per_capita_consumption": "80 yuan",
        "address": "Zhongqingnian Boutique on Henggang Road",
        "phone_number": "0512-86876178",
        "score": "4.6",
        "business_hours": "10:00-21:00, Monday to Sunday",
        "dishes": "Sichuan Dandan Noodles"
    },
    {
        "name": "Chongqing De Zhuang Hot Pot",
        "area": "Wujiang District",
        "cuisine": "Hotpot",
        "pricerange": "slightly expensive",
        "metro_station": "false",
        "per_capita_consumption": "130 yuan",
        "address": "S3015, F3, Wanbao Plaza, Songling",
        "phone_number": "0512-88982265",
        "score": "4.5",
        "business_hours": "10:00–22:00, Monday to Sunday",
        "dishes": "the shrimp balls"
    },
    {
        "name": "Tongli Hometown",
        "area": "Wujiang District",
        "cuisine": "Jiangsu-Zhejiang",
        "pricerange": "moderate",
        "metro_station": "false",
        "per_capita_consumption": "87 yuan",
        "address": "No. 318, Huanhu West Road, Tongli Town",
        "phone_number": "0512-63339777",
        "score": "4.5",
        "business_hours": "10:00–22:00, Monday to Sunday",
        "dishes": "White fish, silverfish and white shrimp of Taihu Lake"
    },
    {
        "name": "Niutanjia Ben'Ge Charcoal Barbecue",
        "area": "Wujiang District",
        "cuisine": "Japanese",
        "pricerange": "moderate",
        "metro_station": "false",
        "per_capita_consumption": "90 yuan",
        "address": "No. 1066, Lushen Avenue, Fenhu Economic Development Zone",
        "phone_number": "0512-63263679",
        "score": "4.6",
        "business_hours": "11:00-22:00, Monday to Sunday",
        "dishes": "Salmon sushi"
    },
    {
        "name": "Zhou Zhuang Hua Jian Tang Jie Geng Restaurant",
        "area": "Kunshan",
        "cuisine": "Jiangsu-Zhejiang",
        "pricerange": "moderate",
        "metro_station": "false",
        "per_capita_consumption": "98 yuan",
        "address": "10 meters north of the scenic spot of No. 110 Zhongshi Street, Zhouzhuang Town",
        "phone_number": "138-1289-9961",
        "score": "4.5",
        "business_hours": "07:00-20:30, Monday to Sunday",
        "dishes": "Fried Whitebait with Scrambled Eggs"
    },
    {
        "name": "Xiewang Restaurant",
        "area": "Changshu",
        "cuisine": "Jiangsu-Zhejiang",
        "pricerange": "cheap",
        "metro_station": "false",
        "per_capita_consumption": "60 yuan",
        "address": "near the parking lot of the scenic area, Luweidang Road",
        "phone_number": "0512-52507977",
        "score": "4.8",
        "business_hours": "08:00-20:00, Monday to Sunday",
        "dishes": "Hairy Crab"
    }
]
